item_id,title,genres
1,Toy Story (1995),Children's|Comedy|Crime
2,GoldenEye (1995),Adventure|Animation|War
3,Four Rooms (1995),War
4,Get Shorty (1995),Adventure|Crime|Fantasy
5,Copycat (1995),Documentary|Fantasy|War
6,Shanghai Triad (Yao a yao yao dao waipo qiao) (1995),Fantasy
7,Twelve Monkeys (1995),Fantasy|Thriller
8,Babe (1995),Comedy|Crime|Fantasy
9,Dead Man Walking (1995),Fantasy
10,Richard III (1995),Fantasy|Western
11,Seven (Se7en) (1995),Documentary|War
12,"Usual Suspects, The (1995)",Documentary|War
13,Mighty Aphrodite (1995),Crime
14,"Postino, Il (1994)",Fantasy|Sci-Fi
15,Mr. Holland's Opus (1995),Fantasy
16,French Twist (Gazon maudit) (1995),Crime|Sci-Fi
17,From Dusk Till Dawn (1996),Adventure|Crime|Documentary|Musical|War
18,"White Balloon, The (1995)",Fantasy
19,Antonia's Line (1995),Fantasy
20,Angels and Insects (1995),Fantasy|Sci-Fi
21,Muppet Treasure Island (1996),Adventure|Animation|Crime|Mystery|War
22,Braveheart (1995),Adventure|Fantasy|Western
23,Taxi Driver (1976),Fantasy|War
24,Rumble in the Bronx (1995),Adventure|Animation|Documentary
25,"Birdcage, The (1996)",Crime
26,"Brothers McMullen, The (1995)",Crime
27,Bad Boys (1995),Adventure
28,Apollo 13 (1995),Adventure|Fantasy|War
29,Batman Forever (1995),Adventure|Animation|Crime|Documentary
30,Belle de jour (1967),Fantasy
31,Crimson Tide (1995),Fantasy|War|Western
32,Crumb (1994),Drama
33,Desperado (1995),Adventure|Sci-Fi|War
34,"Doom Generation, The (1995)",Crime|Fantasy
35,Free Willy 2: The Adventure Home (1995),Animation|Comedy|Fantasy
36,Mad Love (1995),Fantasy|Sci-Fi
37,Nadja (1994),Fantasy
38,"Net, The (1995)",Thriller|War
39,Strange Days (1995),Adventure|Documentary|Thriller
40,"To Wong Foo, Thanks for Everything! Julie Newmar (1995)",Crime
41,Billy Madison (1995),Crime
42,Clerks (1994),Crime
43,Disclosure (1994),Fantasy|War
44,Dolores Claiborne (1994),Fantasy|War
45,Eat Drink Man Woman (1994),Crime|Fantasy
46,Exotica (1994),Fantasy
47,Ed Wood (1994),Crime|Fantasy
48,Hoop Dreams (1994),Drama
49,I.Q. (1994),Crime|Sci-Fi
50,Star Wars (1977),Adventure|Animation|Sci-Fi|Thriller|Western
51,Legends of the Fall (1994),Fantasy|Sci-Fi|Western|unknown
52,"Madness of King George, The (1994)",Fantasy
53,Natural Born Killers (1994),Adventure|War
54,Outbreak (1995),Adventure|Fantasy|War
55,"Professional, The (1994)",Documentary|Fantasy|Sci-Fi|War
56,Pulp Fiction (1994),Documentary|Fantasy
57,Priest (1994),Fantasy
58,Quiz Show (1994),Fantasy
59,Three Colors: Red (1994),Fantasy
60,Three Colors: Blue (1993),Fantasy
61,Three Colors: White (1994),Fantasy
62,Stargate (1994),Adventure|Animation|Thriller
63,"Santa Clause, The (1994)",Comedy|Crime
64,"Shawshank Redemption, The (1994)",Fantasy
65,What's Eating Gilbert Grape (1993),Crime|Fantasy
66,While You Were Sleeping (1995),Crime|Sci-Fi
67,Ace Ventura: Pet Detective (1994),Crime
68,"Crow, The (1994)",Adventure|Sci-Fi|War
69,Forrest Gump (1994),Crime|Sci-Fi|Western
70,Four Weddings and a Funeral (1994),Crime|Sci-Fi
71,"Lion King, The (1994)",Children's|Comedy|Mystery
72,"Mask, The (1994)",Crime|Documentary|Film-Noir
73,Maverick (1994),Adventure|Crime|unknown
74,Faster Pussycat! Kill! Kill! (1965),Adventure|Crime|Fantasy
75,Brother Minister: The Assassination of Malcolm X (1994),Drama
76,Carlito's Way (1993),Documentary|Fantasy
77,"Firm, The (1993)",Fantasy|War
78,Free Willy (1993),Animation|Comedy|Fantasy
79,"Fugitive, The (1993)",Adventure|War
80,Hot Shots! Part Deux (1993),Adventure|Crime|Western
81,"Hudsucker Proxy, The (1994)",Crime|Sci-Fi
82,Jurassic Park (1993),Adventure|Animation|Thriller
83,Much Ado About Nothing (1993),Crime|Sci-Fi
84,Robert A. Heinlein's The Puppet Masters (1994),Musical|Thriller
85,"Ref, The (1994)",Crime
86,"Remains of the Day, The (1993)",Fantasy
87,Searching for Bobby Fischer (1993),Fantasy
88,Sleepless in Seattle (1993),Crime|Sci-Fi
89,Blade Runner (1982),Horror|Thriller
90,So I Married an Axe Murderer (1993),Crime|Sci-Fi|War
91,"Nightmare Before Christmas, The (1993)",Comedy|Crime|Mystery
92,True Romance (1993),Adventure|Documentary|Sci-Fi
93,Welcome to the Dollhouse (1995),Crime|Fantasy
94,Home Alone (1990),Comedy|Crime
95,Aladdin (1992),Children's|Comedy|Crime|Mystery
96,Terminator 2: Judgment Day (1991),Adventure|Thriller|War
97,Dances with Wolves (1990),Animation|Fantasy|unknown
98,"Silence of the Lambs, The (1991)",Fantasy|War
99,Snow White and the Seven Dwarfs (1937),Children's|Comedy|Mystery
100,Fargo (1996),Documentary|Fantasy|War
101,Heavy Metal (1981),Adventure|Animation|Children's|Musical|Thriller
102,"Aristocats, The (1970)",Children's|Comedy
103,All Dogs Go to Heaven 2 (1996),Children's|Comedy|Mystery
104,Theodore Rex (1995),Crime
105,Sgt. Bilko (1996),Crime
106,Diabolique (1996),Fantasy|War
107,Moll Flanders (1996),Fantasy
108,Kids in the Hall: Brain Candy (1996),Crime
109,Mystery Science Theater 3000: The Movie (1996),Crime|Thriller
110,Operation Dumbo Drop (1995),Adventure|Animation|Crime|Western
111,"Truth About Cats & Dogs, The (1996)",Crime|Sci-Fi
112,Flipper (1996),Animation|Comedy
113,"Horseman on the Roof, The (Hussard sur le toit, Le) (1995)",Fantasy
114,Wallace & Gromit: The Best of Aardman Animation (1996),Children's
115,"Haunted World of Edward D. Wood Jr., The (1995)",Drama
116,Cold Comfort Farm (1995),Crime
117,"Rock, The (1996)",Adventure|Animation|War
118,Twister (1996),Adventure|Animation|War
119,Maya Lin: A Strong Clear Vision (1994),Drama
120,Striptease (1996),Crime|Documentary
121,Independence Day (ID4) (1996),Adventure|Thriller|Western
122,"Cable Guy, The (1996)",Crime
123,"Frighteners, The (1996)",Crime|Musical
124,Lone Star (1996),Fantasy|Romance
125,Phenomenon (1996),Fantasy|Sci-Fi
126,"Spitfire Grill, The (1996)",Fantasy
127,"Godfather, The (1972)",Adventure|Documentary|Fantasy
128,Supercop (1992),Adventure|War
129,Bound (1996),Documentary|Fantasy|Sci-Fi|War
130,Kansas City (1996),Documentary
131,Breakfast at Tiffany's (1961),Fantasy|Sci-Fi
132,"Wizard of Oz, The (1939)",Animation|Comedy|Fantasy|Mystery
133,Gone with the Wind (1939),Fantasy|Sci-Fi|Western
134,Citizen Kane (1941),Fantasy
135,2001: A Space Odyssey (1968),Fantasy|Romance|Thriller|War
136,Mr. Smith Goes to Washington (1939),Fantasy
137,Big Night (1996),Fantasy
138,D3: The Mighty Ducks (1996),Comedy|Crime
139,"Love Bug, The (1969)",Comedy|Crime
140,Homeward Bound: The Incredible Journey (1993),Animation|Comedy
141,"20,000 Leagues Under the Sea (1954)",Animation|Comedy|Film-Noir|Thriller
142,Bedknobs and Broomsticks (1971),Animation|Comedy|Mystery
143,"Sound of Music, The (1965)",Mystery
144,Die Hard (1988),Adventure|War
145,"Lawnmower Man, The (1992)",Adventure|Thriller|War
146,Unhook the Stars (1996),Fantasy
147,"Long Kiss Goodnight, The (1996)",Adventure|War
148,"Ghost and the Darkness, The (1996)",Adventure|Animation
149,Jude (1996),Fantasy
150,Swingers (1996),Crime|Fantasy
151,Willy Wonka and the Chocolate Factory (1971),Animation|Comedy|Crime
152,Sleeper (1973),Crime|Thriller
153,"Fish Called Wanda, A (1988)",Crime
154,Monty Python's Life of Brian (1979),Crime
155,Dirty Dancing (1987),Mystery|Sci-Fi
156,Reservoir Dogs (1992),Documentary|War
157,Platoon (1986),Fantasy|Western
158,Weekend at Bernie's (1989),Crime
159,Basic Instinct (1992),Romance|War
160,Glengarry Glen Ross (1992),Fantasy
161,Top Gun (1986),Adventure|Sci-Fi
162,On Golden Pond (1981),Fantasy
163,"Return of the Pink Panther, The (1974)",Crime
164,"Abyss, The (1989)",Adventure|Animation|Thriller|War
165,Jean de Florette (1986),Fantasy
166,Manon of the Spring (Manon des sources) (1986),Fantasy
167,Private Benjamin (1980),Crime
168,Monty Python and the Holy Grail (1974),Crime
169,"Wrong Trousers, The (1993)",Children's|Crime
170,Cinema Paradiso (1988),Crime|Fantasy|Sci-Fi
171,Delicatessen (1991),Crime|Thriller
172,"Empire Strikes Back, The (1980)",Adventure|Animation|Fantasy|Sci-Fi|Thriller|Western
173,"Princess Bride, The (1987)",Adventure|Animation|Crime|Sci-Fi
174,Raiders of the Lost Ark (1981),Adventure|Animation
175,Brazil (1985),Thriller
176,Aliens (1986),Adventure|Thriller|War|Western
177,"Good, The Bad and The Ugly, The (1966)",Adventure|unknown
178,12 Angry Men (1957),Fantasy
179,"Clockwork Orange, A (1971)",Thriller
180,Apocalypse Now (1979),Fantasy|Western
181,Return of the Jedi (1983),Adventure|Animation|Sci-Fi|Thriller|Western
182,GoodFellas (1990),Documentary|Fantasy
183,Alien (1979),Adventure|Musical|Thriller|War
184,Army of Darkness (1993),Adventure|Animation|Crime|Musical|Thriller
185,Psycho (1960),Musical|Sci-Fi|War
186,"Blues Brothers, The (1980)",Adventure|Crime|Mystery
187,"Godfather: Part II, The (1974)",Adventure|Documentary|Fantasy
188,Full Metal Jacket (1987),Adventure|Fantasy|Western
189,"Grand Day Out, A (1992)",Children's|Crime
190,Henry V (1989),Fantasy|Western
191,Amadeus (1984),Fantasy|Romance
192,Raging Bull (1980),Fantasy
193,"Right Stuff, The (1983)",Fantasy
194,"Sting, The (1973)",Crime|Documentary
195,"Terminator, The (1984)",Adventure|Thriller|War
196,Dead Poets Society (1989),Fantasy
197,"Graduate, The (1967)",Fantasy|Sci-Fi
198,Nikita (La Femme Nikita) (1990),War
199,"Bridge on the River Kwai, The (1957)",Fantasy|Western
200,"Shining, The (1980)",Musical
201,Evil Dead II (1987),Adventure|Animation|Crime|Musical
202,Groundhog Day (1993),Crime|Sci-Fi
203,Unforgiven (1992),unknown
204,Back to the Future (1985),Crime|Thriller
205,Patton (1970),Fantasy|Western
206,Akira (1988),Animation|Children's|Thriller|War
207,Cyrano de Bergerac (1990),Adventure|Fantasy|Sci-Fi
208,Young Frankenstein (1974),Crime|Musical
209,This Is Spinal Tap (1984),Crime|Fantasy|Mystery
210,Indiana Jones and the Last Crusade (1989),Adventure|Animation
211,M*A*S*H (1970),Crime|Western
212,"Unbearable Lightness of Being, The (1988)",Fantasy
213,"Room with a View, A (1986)",Fantasy|Sci-Fi
214,Pink Floyd - The Wall (1982),Fantasy|Mystery|Western
215,Field of Dreams (1989),Fantasy
216,When Harry Met Sally... (1989),Crime|Sci-Fi
217,Bram Stoker's Dracula (1992),Musical|Sci-Fi
218,Cape Fear (1991),War
219,"Nightmare on Elm Street, A (1984)",Musical
220,"Mirror Has Two Faces, The (1996)",Crime|Sci-Fi
221,Breaking the Waves (1996),Fantasy
222,Star Trek: First Contact (1996),Adventure|Animation|Thriller
223,Sling Blade (1996),Fantasy|War
224,Ridicule (1996),Fantasy
225,101 Dalmatians (1996),Comedy|Crime
226,Die Hard 2 (1990),Adventure|War
227,Star Trek VI: The Undiscovered Country (1991),Adventure|Animation|Thriller
228,Star Trek: The Wrath of Khan (1982),Adventure|Animation|Thriller
229,Star Trek III: The Search for Spock (1984),Adventure|Animation|Thriller
230,Star Trek IV: The Voyage Home (1986),Adventure|Animation|Thriller
231,Batman Returns (1992),Adventure|Animation|Crime|Documentary
232,Young Guns (1988),Adventure|Crime|unknown
233,Under Siege (1992),Adventure
234,Jaws (1975),Adventure|Musical
235,Mars Attacks! (1996),Adventure|Crime|Thriller|Western
236,Citizen Ruth (1996),Crime|Fantasy
237,Jerry Maguire (1996),Fantasy|Sci-Fi
238,Raising Arizona (1987),Crime
239,Sneakers (1992),Documentary|Fantasy|Thriller
240,Beavis and Butt-head Do America (1996),Children's|Crime
241,"Last of the Mohicans, The (1992)",Adventure|Sci-Fi|Western
242,Kolya (1996),Crime
243,Jungle2Jungle (1997),Comedy|Crime
244,Smilla's Sense of Snow (1997),Adventure|Fantasy|War
245,"Devil's Own, The (1997)",Adventure|Fantasy|War|Western
246,Chasing Amy (1997),Fantasy|Sci-Fi
247,Turbo: A Power Rangers Movie (1997),Adventure|Animation|Comedy
248,Grosse Pointe Blank (1997),Crime|Documentary
249,Austin Powers: International Man of Mystery (1997),Crime
250,"Fifth Element, The (1997)",Adventure|Thriller
251,Shall We Dance? (1996),Crime
252,"Lost World: Jurassic Park, The (1997)",Adventure|Animation|Thriller|War
253,"Pillow Book, The (1995)",Fantasy|Sci-Fi
254,Batman & Robin (1997),Adventure|Animation|Documentary
255,My Best Friend's Wedding (1997),Crime|Sci-Fi
256,When the Cats Away (Chacun cherche son chat) (1996),Crime|Sci-Fi
257,Men in Black (1997),Adventure|Animation|Crime|Thriller
258,Contact (1997),Fantasy|Thriller
259,George of the Jungle (1997),Comedy|Crime
260,Event Horizon (1997),Adventure|Romance|Thriller|War
261,Air Bud (1997),Comedy|Crime
262,In the Company of Men (1997),Fantasy
263,Steel (1997),Adventure
264,Mimic (1997),Thriller|War
265,"Hunt for Red October, The (1990)",Adventure|War
266,Kull the Conqueror (1997),Adventure|Animation
267,unknown,Action
268,Chasing Amy (1997),Fantasy|Sci-Fi
269,"Full Monty, The (1997)",Crime
270,Gattaca (1997),Fantasy|Thriller|War
271,Starship Troopers (1997),Adventure|Animation|Thriller|Western
272,Good Will Hunting (1997),Fantasy
273,Heat (1995),Adventure|Documentary|War
274,Sabrina (1995),Crime|Sci-Fi
275,Sense and Sensibility (1995),Fantasy|Sci-Fi
276,Leaving Las Vegas (1995),Fantasy|Sci-Fi
277,Restoration (1995),Fantasy
278,Bed of Roses (1996),Fantasy|Sci-Fi
279,Once Upon a Time... When We Were Colored (1995),Fantasy
280,Up Close and Personal (1996),Fantasy|Sci-Fi
281,"River Wild, The (1994)",Adventure|War
282,"Time to Kill, A (1996)",Fantasy
283,Emma (1996),Fantasy|Sci-Fi
284,Tin Cup (1996),Crime|Sci-Fi
285,Secrets & Lies (1996),Fantasy
286,"English Patient, The (1996)",Fantasy|Sci-Fi|Western
287,Marvin's Room (1996),Fantasy
288,Scream (1996),Musical|War
289,Evita (1996),Fantasy|Mystery
290,Fierce Creatures (1997),Crime
291,Absolute Power (1997),Romance|War
292,Rosewood (1997),Fantasy
293,Donnie Brasco (1997),Documentary|Fantasy
294,Liar Liar (1997),Crime
295,Breakdown (1997),Adventure|War
296,"Promesse, La (1996)",Fantasy
297,Ulee's Gold (1997),Fantasy
298,Face/Off (1997),Adventure|Thriller|War
299,Hoodlum (1997),Documentary|Fantasy|Horror
300,Air Force One (1997),Adventure|War
301,In & Out (1997),Crime
302,L.A. Confidential (1997),Documentary|Horror|Romance|War
303,Ulee's Gold (1997),Fantasy
304,Fly Away Home (1996),Animation|Comedy
305,"Ice Storm, The (1997)",Fantasy
306,"Mrs. Brown (Her Majesty, Mrs. Brown) (1997)",Fantasy|Sci-Fi
307,"Devil's Advocate, The (1997)",Documentary|Musical|Romance|War
308,FairyTale: A True Story (1997),Comedy|Fantasy|Film-Noir
309,Deceiver (1997),Documentary
310,"Rainmaker, The (1997)",Fantasy
311,"Wings of the Dove, The (1997)",Fantasy|Sci-Fi|War
312,Midnight in the Garden of Good and Evil (1997),Crime|Documentary|Fantasy|Romance
313,Titanic (1997),Adventure|Fantasy|Sci-Fi
314,3 Ninjas: High Noon At Mega Mountain (1998),Adventure|Comedy
315,Apt Pupil (1998),Fantasy|War
316,As Good As It Gets (1997),Crime|Fantasy
317,In the Name of the Father (1993),Fantasy
318,Schindler's List (1993),Fantasy|Western
319,Everyone Says I Love You (1996),Crime|Mystery|Sci-Fi
320,Paradise Lost: The Child Murders at Robin Hood Hills (1996),Drama
321,Mother (1996),Crime
322,Murder at 1600 (1997),Romance|War
323,Dante's Peak (1997),Adventure|War
324,Lost Highway (1997),Romance
325,Crash (1996),Fantasy|War
326,G.I. Jane (1997),Adventure|Fantasy|Western
327,Cop Land (1997),Documentary|Fantasy|Romance
328,Conspiracy Theory (1997),Adventure|Romance|Sci-Fi|War
329,Desperate Measures (1998),Documentary|Fantasy|War
330,187 (1997),Fantasy
331,"Edge, The (1997)",Animation|War
332,Kiss the Girls (1997),Documentary|Fantasy|War
333,"Game, The (1997)",Romance|War
334,U Turn (1997),Adventure|Documentary|Romance
335,How to Be a Player (1997),Crime
336,Playing God (1997),Documentary|War
337,"House of Yes, The (1997)",Crime|Fantasy|War
338,Bean (1997),Crime
339,Mad City (1997),Adventure|Fantasy
340,Boogie Nights (1997),Fantasy
341,Critical Care (1997),Crime
342,"Man Who Knew Too Little, The (1997)",Crime|Romance
343,Alien: Resurrection (1997),Adventure|Musical|Thriller
344,"Apostle, The (1997)",Fantasy
345,Deconstructing Harry (1997),Crime|Fantasy
346,Jackie Brown (1997),Documentary|Fantasy
347,Wag the Dog (1997),Crime|Fantasy
348,Desperate Measures (1998),Documentary|Fantasy|War
349,Hard Rain (1998),Adventure|War
350,Fallen (1998),Adventure|Romance|War
351,"Prophecy II, The (1998)",Musical
352,Spice World (1997),Crime|Mystery
353,Deep Rising (1998),Adventure|Musical|Thriller
354,"Wedding Singer, The (1998)",Crime|Sci-Fi
355,Sphere (1998),Animation|Thriller|War
356,"Client, The (1994)",Fantasy|Romance|War
357,One Flew Over the Cuckoo's Nest (1975),Fantasy
358,Spawn (1997),Adventure|Animation|Thriller|War
359,"Assignment, The (1997)",War
360,Wonderland (1997),Drama
361,Incognito (1997),Documentary|War
362,Blues Brothers 2000 (1998),Adventure|Crime|Mystery
363,Sudden Death (1995),Adventure
364,Ace Ventura: When Nature Calls (1995),Crime
365,Powder (1995),Fantasy
366,Dangerous Minds (1995),Fantasy
367,Clueless (1995),Crime
368,Bio-Dome (1996),Crime
369,Black Sheep (1996),Crime
370,Mary Reilly (1996),Fantasy|War
371,"Bridges of Madison County, The (1995)",Fantasy|Sci-Fi
372,Jeffrey (1995),Crime
373,Judge Dredd (1995),Adventure|Animation|Thriller
374,Mighty Morphin Power Rangers: The Movie (1995),Adventure|Comedy
375,Showgirls (1995),Fantasy
376,Houseguest (1994),Crime
377,Heavyweights (1994),Comedy|Crime
378,Miracle on 34th Street (1994),Fantasy
379,Tales From the Crypt Presents: Demon Knight (1995),Musical
380,Star Trek: Generations (1994),Adventure|Animation|Thriller
381,Muriel's Wedding (1994),Crime|Sci-Fi
382,"Adventures of Priscilla, Queen of the Desert, The (1994)",Crime|Fantasy
383,"Flintstones, The (1994)",Comedy|Crime
384,Naked Gun 33 1/3: The Final Insult (1994),Crime
385,True Lies (1994),Adventure|Animation|Crime|Sci-Fi
386,Addams Family Values (1993),Crime
387,"Age of Innocence, The (1993)",Fantasy
388,Beverly Hills Cop III (1994),Adventure|Crime
389,Black Beauty (1994),Animation|Comedy
390,Fear of a Black Hat (1993),Crime
391,Last Action Hero (1993),Adventure|Crime
392,"Man Without a Face, The (1993)",Fantasy
393,Mrs. Doubtfire (1993),Crime
394,Radioland Murders (1994),Crime|Romance|Sci-Fi
395,Robin Hood: Men in Tights (1993),Crime
396,Serial Mom (1994),Crime|Documentary|Musical
397,Striking Distance (1993),Adventure
398,Super Mario Bros. (1993),Adventure|Animation|Comedy|Thriller
399,"Three Musketeers, The (1993)",Adventure|Animation|Crime
400,"Little Rascals, The (1994)",Comedy|Crime
401,"Brady Bunch Movie, The (1995)",Crime
402,Ghost (1990),Crime|Sci-Fi|War
403,Batman (1989),Adventure|Animation|Documentary|Fantasy
404,Pinocchio (1940),Children's|Comedy
405,Mission: Impossible (1996),Adventure|Animation|Romance
406,Thinner (1996),Musical|War
407,Spy Hard (1996),Crime
408,"Close Shave, A (1995)",Children's|Crime|War
409,Jack (1996),Crime|Fantasy
410,Kingpin (1996),Crime
411,"Nutty Professor, The (1996)",Crime|Film-Noir|Sci-Fi|Thriller
412,"Very Brady Sequel, A (1996)",Crime
413,Tales from the Crypt Presents: Bordello of Blood (1996),Musical
414,My Favorite Year (1982),Crime
415,"Apple Dumpling Gang, The (1975)",Comedy|Crime|unknown
416,Old Yeller (1957),Comedy|Fantasy
417,"Parent Trap, The (1961)",Comedy|Fantasy
418,Cinderella (1950),Children's|Comedy|Mystery
419,Mary Poppins (1964),Comedy|Crime|Mystery
420,Alice in Wonderland (1951),Children's|Comedy|Mystery
421,William Shakespeare's Romeo and Juliet (1996),Fantasy|Sci-Fi
422,Aladdin and the King of Thieves (1996),Children's|Comedy|Crime
423,E.T. the Extra-Terrestrial (1982),Comedy|Fantasy|Film-Noir|Thriller
424,Children of the Corn: The Gathering (1996),Musical
425,Bob Roberts (1992),Crime
426,"Transformers: The Movie, The (1986)",Adventure|Children's|Comedy|Thriller|War|Western
427,To Kill a Mockingbird (1962),Fantasy
428,Harold and Maude (1971),Crime
429,"Day the Earth Stood Still, The (1951)",Fantasy|Thriller
430,Duck Soup (1933),Crime|Western
431,Highlander (1986),Adventure|Animation
432,Fantasia (1940),Children's|Comedy|Mystery
433,Heathers (1989),Crime
434,Forbidden Planet (1956),Thriller
435,Butch Cassidy and the Sundance Kid (1969),Adventure|Crime|unknown
436,"American Werewolf in London, An (1981)",Musical
437,Amityville 1992: It's About Time (1992),Musical
438,Amityville 3-D (1983),Musical
439,Amityville: A New Generation (1993),Musical
440,Amityville II: The Possession (1982),Musical
441,"Amityville Horror, The (1979)",Musical
442,"Amityville Curse, The (1990)",Musical
443,"Birds, The (1963)",Musical
444,"Blob, The (1958)",Musical|Thriller
445,"Body Snatcher, The (1945)",Musical
446,Burnt Offerings (1976),Musical
447,Carrie (1976),Musical
448,"Omen, The (1976)",Musical
449,Star Trek: The Motion Picture (1979),Adventure|Animation|Thriller
450,Star Trek V: The Final Frontier (1989),Adventure|Animation|Thriller
451,Grease (1978),Crime|Mystery|Sci-Fi
452,Jaws 2 (1978),Adventure|Musical
453,Jaws 3-D (1983),Adventure|Musical
454,Bastard Out of Carolina (1996),Fantasy
455,Jackie Chan's First Strike (1996),Adventure
456,Beverly Hills Ninja (1997),Adventure|Crime
457,Free Willy 3: The Rescue (1997),Animation|Comedy|Fantasy
458,Nixon (1995),Fantasy
459,"Cry, the Beloved Country (1995)",Fantasy
460,"Crossing Guard, The (1995)",Fantasy
461,Smoke (1995),Fantasy
462,Like Water For Chocolate (Como agua para chocolate) (1992),Fantasy|Sci-Fi
463,"Secret of Roan Inish, The (1994)",Animation
464,Vanya on 42nd Street (1994),Fantasy
465,"Jungle Book, The (1994)",Animation|Comedy|Sci-Fi
466,Red Rock West (1992),War
467,"Bronx Tale, A (1993)",Fantasy
468,Rudy (1993),Fantasy
469,Short Cuts (1993),Fantasy
470,Tombstone (1993),unknown
471,Courage Under Fire (1996),Fantasy|Western
472,Dragonheart (1996),Adventure|Animation|Film-Noir
473,James and the Giant Peach (1996),Children's|Comedy|Mystery
474,Dr. Strangelove or: How I Learned to Stop Worrying and Love the Bomb (1963),Thriller|Western
475,Trainspotting (1996),Fantasy
476,"First Wives Club, The (1996)",Crime
477,Matilda (1996),Comedy|Crime
478,"Philadelphia Story, The (1940)",Crime|Sci-Fi
479,Vertigo (1958),Romance|War
480,North by Northwest (1959),Crime|War
481,"Apartment, The (1960)",Crime|Fantasy
482,Some Like It Hot (1959),Crime|Documentary
483,Casablanca (1942),Fantasy|Sci-Fi|Western
484,"Maltese Falcon, The (1941)",Horror|Romance
485,My Fair Lady (1964),Mystery|Sci-Fi
486,Sabrina (1954),Crime|Sci-Fi
487,Roman Holiday (1953),Crime|Sci-Fi
488,Sunset Blvd. (1950),Horror
489,Notorious (1946),Horror|Sci-Fi|War
490,To Catch a Thief (1955),Crime|Sci-Fi|War
491,"Adventures of Robin Hood, The (1938)",Adventure|Animation
492,East of Eden (1955),Fantasy
493,"Thin Man, The (1934)",Romance
494,His Girl Friday (1940),Crime
495,Around the World in 80 Days (1956),Animation|Crime
496,It's a Wonderful Life (1946),Fantasy
497,Bringing Up Baby (1938),Crime
498,"African Queen, The (1951)",Adventure|Animation|Sci-Fi|Western
499,Cat on a Hot Tin Roof (1958),Fantasy
500,Fly Away Home (1996),Animation|Comedy
501,Dumbo (1941),Children's|Comedy|Mystery
502,Bananas (1971),Crime|Western
503,"Candidate, The (1972)",Fantasy
504,Bonnie and Clyde (1967),Documentary|Fantasy
505,Dial M for Murder (1954),Romance|War
506,Rebel Without a Cause (1955),Fantasy
507,"Streetcar Named Desire, A (1951)",Fantasy
508,"People vs. Larry Flynt, The (1996)",Fantasy
509,My Left Foot (1989),Fantasy
510,"Magnificent Seven, The (1954)",Adventure|Fantasy|unknown
511,Lawrence of Arabia (1962),Animation|Western
512,Wings of Desire (1987),Crime|Fantasy|Sci-Fi
513,"Third Man, The (1949)",Romance|War
514,Annie Hall (1977),Crime|Sci-Fi
515,"Boot, Das (1981)",Adventure|Fantasy|Western
516,Local Hero (1983),Crime
517,Manhattan (1979),Crime|Fantasy|Sci-Fi
518,Miller's Crossing (1990),Fantasy
519,"Treasure of the Sierra Madre, The (1948)",Animation
520,"Great Escape, The (1963)",Animation|Western
521,"Deer Hunter, The (1978)",Fantasy|Western
522,Down by Law (1986),Crime|Fantasy
523,Cool Hand Luke (1967),Crime|Fantasy
524,"Great Dictator, The (1940)",Crime
525,"Big Sleep, The (1946)",Horror|Romance
526,Ben-Hur (1959),Adventure|Animation|Fantasy
527,Gandhi (1982),Fantasy
528,"Killing Fields, The (1984)",Fantasy|Western
529,My Life as a Dog (Mitt liv som hund) (1985),Fantasy
530,"Man Who Would Be King, The (1975)",Animation
531,Shine (1996),Fantasy|Sci-Fi
532,Kama Sutra: A Tale of Love (1996),Sci-Fi
533,"Daytrippers, The (1996)",Romance
534,Traveller (1997),Fantasy
535,Addicted to Love (1997),Crime|Sci-Fi
536,Ponette (1996),Fantasy
537,My Own Private Idaho (1991),Fantasy
538,Anastasia (1997),Children's|Comedy|Mystery
539,Mouse Hunt (1997),Comedy|Crime
540,Money Train (1995),Adventure
541,Mortal Kombat (1995),Adventure|Animation
542,Pocahontas (1995),Children's|Comedy|Mystery|Sci-Fi
543,"Misérables, Les (1995)",Fantasy|Mystery
544,Things to Do in Denver when You're Dead (1995),Documentary|Fantasy|Sci-Fi
545,Vampire in Brooklyn (1995),Crime|Sci-Fi
546,Broken Arrow (1996),Adventure|War
547,"Young Poisoner's Handbook, The (1995)",Documentary
548,"NeverEnding Story III, The (1994)",Comedy|Film-Noir
549,Rob Roy (1995),Fantasy|Sci-Fi|Western
550,Die Hard: With a Vengeance (1995),Adventure|War
551,Lord of Illusions (1995),Musical
552,Species (1995),Thriller
553,"Walk in the Clouds, A (1995)",Fantasy|Sci-Fi
554,Waterworld (1995),Adventure|Animation
555,White Man's Burden (1995),Fantasy
556,Wild Bill (1995),unknown
557,Farinelli: il castrato (1994),Fantasy|Mystery
558,Heavenly Creatures (1994),Fantasy|Film-Noir|War
559,Interview with the Vampire (1994),Fantasy|Musical
560,"Kid in King Arthur's Court, A (1995)",Animation|Comedy|Crime|Film-Noir|Sci-Fi|Thriller
561,Mary Shelley's Frankenstein (1994),Fantasy|Musical
562,"Quick and the Dead, The (1995)",Adventure|Animation|unknown
563,Stephen King's The Langoliers (1995),Musical
564,Tales from the Hood (1995),Crime|Musical
565,Village of the Damned (1995),Musical|War
566,Clear and Present Danger (1994),Adventure|Animation|War
567,Wes Craven's New Nightmare (1994),Musical
568,Speed (1994),Adventure|Sci-Fi|War
569,Wolf (1994),Fantasy|Musical
570,Wyatt Earp (1994),unknown
571,Another Stakeout (1993),Crime|War
572,Blown Away (1994),Adventure|War
573,Body Snatchers (1993),Musical|Thriller|War
574,Boxing Helena (1993),Romance|Sci-Fi|War
575,City Slickers II: The Legend of Curly's Gold (1994),Crime|unknown
576,Cliffhanger (1993),Adventure|Animation|Documentary
577,Coneheads (1993),Crime|Thriller
578,Demolition Man (1993),Adventure|Thriller
579,Fatal Instinct (1993),Crime
580,"Englishman Who Went Up a Hill, But Came Down a Mountain, The (1995)",Crime|Sci-Fi
581,Kalifornia (1993),Fantasy|War
582,"Piano, The (1993)",Fantasy|Sci-Fi
583,Romeo Is Bleeding (1993),Documentary|War
584,"Secret Garden, The (1993)",Comedy|Fantasy
585,Son in Law (1993),Crime
586,Terminal Velocity (1994),Adventure
587,"Hour of the Pig, The (1993)",Fantasy|Romance
588,Beauty and the Beast (1991),Children's|Comedy|Mystery
589,"Wild Bunch, The (1969)",unknown
590,Hellraiser: Bloodline (1996),Adventure|Musical|Thriller
591,Primal Fear (1996),Fantasy|War
592,True Crime (1995),Romance|War
593,Stalingrad (1993),Western
594,Heavy (1995),Fantasy|Sci-Fi
595,"Fan, The (1996)",War
596,"Hunchback of Notre Dame, The (1996)",Children's|Comedy|Mystery
597,Eraser (1996),Adventure|War
598,"Big Squeeze, The (1996)",Crime|Fantasy
599,Police Story 4: Project S (Chao ji ji hua) (1993),Adventure
600,Daniel Defoe's Robinson Crusoe (1996),Comedy
601,For Whom the Bell Tolls (1943),Animation|Western
602,"American in Paris, An (1951)",Mystery|Sci-Fi
603,Rear Window (1954),Romance|War
604,It Happened One Night (1934),Crime
605,Meet Me in St. Louis (1944),Mystery
606,All About Eve (1950),Fantasy
607,Rebecca (1940),Sci-Fi|War
608,Spellbound (1945),Romance|Sci-Fi|War
609,Father of the Bride (1950),Crime
610,Gigi (1958),Mystery
611,Laura (1944),Documentary|Horror|Romance
612,Lost Horizon (1937),Fantasy
613,My Man Godfrey (1936),Crime
614,Giant (1956),Fantasy
615,"39 Steps, The (1935)",War
616,Night of the Living Dead (1968),Musical|Thriller
617,"Blue Angel, The (Blaue Engel, Der) (1930)",Fantasy
618,Picnic (1955),Fantasy
619,Extreme Measures (1996),Fantasy|War
620,"Chamber, The (1996)",Fantasy
621,"Davy Crockett, King of the Wild Frontier (1955)",unknown
622,Swiss Family Robinson (1960),Animation|Comedy
623,Angels in the Outfield (1994),Comedy|Crime
624,"Three Caballeros, The (1945)",Children's|Comedy|Mystery
625,"Sword in the Stone, The (1963)",Children's|Comedy
626,So Dear to My Heart (1949),Comedy|Fantasy
627,Robin Hood: Prince of Thieves (1991),Fantasy
628,Sleepers (1996),Documentary|Fantasy
629,Victor/Victoria (1982),Crime|Mystery
630,"Great Race, The (1965)",Crime|Mystery
631,"Crying Game, The (1992)",Adventure|Fantasy|Sci-Fi|Western
632,Sophie's Choice (1982),Fantasy
633,"Christmas Carol, A (1938)",Fantasy
634,Microcosmos: Le peuple de l'herbe (1996),Drama
635,"Fog, The (1980)",Musical
636,Escape from New York (1981),Adventure|Animation|Thriller|War
637,"Howling, The (1981)",Crime|Musical
638,"Return of Martin Guerre, The (Retour de Martin Guerre, Le) (1982)",Fantasy
639,"Tin Drum, The (Blechtrommel, Die) (1979)",Fantasy
640,"Cook the Thief His Wife & Her Lover, The (1989)",Fantasy
641,Paths of Glory (1957),Fantasy|Western
642,"Grifters, The (1990)",Documentary|Fantasy|Horror
643,The Innocent (1994),Fantasy|Sci-Fi
644,"Thin Blue Line, The (1988)",Drama
645,Paris Is Burning (1990),Drama
646,Once Upon a Time in the West (1969),unknown
647,Ran (1985),Fantasy|Western
648,"Quiet Man, The (1952)",Crime|Sci-Fi
649,Once Upon a Time in America (1984),Documentary|Fantasy|War
650,"Seventh Seal, The (Sjunde inseglet, Det) (1957)",Fantasy
651,Glory (1989),Adventure|Fantasy|Western
652,Rosencrantz and Guildenstern Are Dead (1990),Crime|Fantasy
653,Touch of Evil (1958),Documentary|Horror|War
654,Chinatown (1974),Horror|Romance|War
655,Stand by Me (1986),Animation|Crime|Fantasy
656,M (1931),Documentary|Horror|War
657,"Manchurian Candidate, The (1962)",Horror|War
658,Pump Up the Volume (1990),Fantasy
659,Arsenic and Old Lace (1944),Crime|Romance|War
660,Fried Green Tomatoes (1991),Fantasy
661,High Noon (1952),unknown
662,Somewhere in Time (1980),Fantasy|Sci-Fi
663,Being There (1979),Crime
664,"Paris, Texas (1984)",Fantasy
665,Alien 3 (1992),Adventure|Musical|Thriller|War
666,Blood For Dracula (Andy Warhol's Dracula) (1974),Musical
667,Audrey Rose (1977),Musical
668,Blood Beach (1981),Adventure|Musical
669,Body Parts (1991),Musical
670,Body Snatchers (1993),Musical|Thriller|War
671,Bride of Frankenstein (1935),Musical
672,Candyman (1992),Musical
673,Cape Fear (1962),Horror|War
674,Cat People (1982),Musical
675,"Nosferatu (Nosferatu, eine Symphonie des Grauens) (1922)",Musical
676,"Crucible, The (1996)",Fantasy
677,Fire on the Mountain (1996),Drama
678,Volcano (1997),Fantasy|War
679,Conan the Barbarian (1981),Adventure|Animation
680,Kull the Conqueror (1997),Adventure|Animation
681,Wishmaster (1997),Musical
682,I Know What You Did Last Summer (1997),Musical|Romance|War
683,Rocket Man (1997),Crime
684,In the Line of Fire (1993),Adventure|War
685,Executive Decision (1996),Adventure|War
686,"Perfect World, A (1993)",Adventure|Fantasy
687,McHale's Navy (1997),Crime|Western
688,Leave It to Beaver (1997),Crime
689,"Jackal, The (1997)",Adventure|War
690,Seven Years in Tibet (1997),Fantasy|Western
691,Dark City (1998),Horror|Thriller|War
692,"American President, The (1995)",Crime|Fantasy|Sci-Fi
693,Casino (1995),Fantasy
694,Persuasion (1995),Sci-Fi
695,Kicking and Screaming (1995),Crime|Fantasy
696,City Hall (1996),Fantasy|War
697,"Basketball Diaries, The (1995)",Fantasy
698,"Browning Version, The (1994)",Fantasy
699,Little Women (1994),Fantasy
700,Miami Rhapsody (1995),Crime
701,"Wonderful, Horrible Life of Leni Riefenstahl, The (1993)",Drama
702,Barcelona (1994),Crime|Sci-Fi
703,Widows' Peak (1994),Fantasy
704,"House of the Spirits, The (1993)",Fantasy|Sci-Fi
705,Singin' in the Rain (1952),Mystery|Sci-Fi
706,Bad Moon (1996),Musical
707,Enchanted April (1991),Fantasy
708,"Sex, Lies, and Videotape (1989)",Fantasy
709,Strictly Ballroom (1992),Crime|Sci-Fi
710,Better Off Dead... (1985),Crime
711,"Substance of Fire, The (1996)",Fantasy
712,Tin Men (1987),Crime|Fantasy
713,Othello (1995),Fantasy
714,Carrington (1995),Fantasy|Sci-Fi
715,To Die For (1995),Crime|Fantasy
716,Home for the Holidays (1995),Fantasy|Sci-Fi
717,"Juror, The (1996)",Fantasy|War
718,In the Bleak Midwinter (1995),Crime
719,Canadian Bacon (1994),Crime|Western
720,First Knight (1995),Adventure|Animation|Fantasy|Sci-Fi
721,Mallrats (1995),Crime
722,Nine Months (1995),Crime
723,Boys on the Side (1995),Crime|Fantasy
724,Circle of Friends (1995),Fantasy|Sci-Fi
725,Exit to Eden (1994),Crime
726,Fluke (1995),Comedy|Fantasy
727,Immortal Beloved (1994),Fantasy|Sci-Fi
728,Junior (1994),Crime|Thriller
729,Nell (1994),Fantasy
730,"Queen Margot (Reine Margot, La) (1994)",Fantasy|Sci-Fi
731,"Corrina, Corrina (1994)",Crime|Fantasy|Sci-Fi
732,Dave (1993),Crime|Sci-Fi
733,Go Fish (1994),Fantasy|Sci-Fi
734,Made in America (1993),Crime
735,Philadelphia (1993),Fantasy
736,Shadowlands (1993),Fantasy|Sci-Fi
737,Sirens (1994),Crime|Fantasy
738,Threesome (1994),Crime|Sci-Fi
739,Pretty Woman (1990),Crime|Sci-Fi
740,Jane Eyre (1996),Fantasy|Sci-Fi
741,"Last Supper, The (1995)",Fantasy|War
742,Ransom (1996),Fantasy|War
743,"Crow: City of Angels, The (1996)",Adventure|War
744,Michael Collins (1996),Fantasy|Western
745,"Ruling Class, The (1972)",Crime
746,Real Genius (1985),Crime
747,Benny & Joon (1993),Crime|Sci-Fi
748,"Saint, The (1997)",Adventure|Sci-Fi|War
749,"MatchMaker, The (1997)",Crime|Sci-Fi
750,Amistad (1997),Fantasy
751,Tomorrow Never Dies (1997),Adventure|Sci-Fi|War
752,"Replacement Killers, The (1998)",Adventure|War
753,Burnt By the Sun (1994),Fantasy
754,Red Corner (1997),Documentary|War
755,Jumanji (1995),Adventure|Animation|Comedy|Film-Noir|Thriller
756,Father of the Bride Part II (1995),Crime
757,Across the Sea of Time (1995),Drama
758,Lawnmower Man 2: Beyond Cyberspace (1996),Thriller|War
759,Fair Game (1995),Adventure
760,Screamers (1995),Thriller
761,Nick of Time (1995),Adventure|War
762,Beautiful Girls (1996),Fantasy
763,Happy Gilmore (1996),Crime
764,If Lucy Fell (1996),Crime|Sci-Fi
765,Boomerang (1992),Crime|Sci-Fi
766,Man of the Year (1995),Drama
767,"Addiction, The (1995)",Musical
768,Casper (1995),Animation|Comedy
769,Congo (1995),Adventure|Animation|Romance|Thriller
770,Devil in a Blue Dress (1995),Documentary|Horror|Romance|War
771,Johnny Mnemonic (1995),Adventure|Thriller|War
772,Kids (1995),Fantasy
773,Mute Witness (1994),War
774,"Prophecy, The (1995)",Musical
775,Something to Talk About (1995),Crime|Fantasy|Sci-Fi
776,Three Wishes (1995),Fantasy
777,Castle Freak (1995),Musical
778,Don Juan DeMarco (1995),Crime|Fantasy|Sci-Fi
779,Drop Zone (1994),Adventure
780,Dumb & Dumber (1994),Crime
781,French Kiss (1995),Crime|Sci-Fi
782,Little Odessa (1994),Fantasy
783,Milk Money (1994),Crime|Sci-Fi
784,Beyond Bedlam (1993),Fantasy|Musical
785,Only You (1994),Crime|Sci-Fi
786,"Perez Family, The (1995)",Crime|Sci-Fi
787,Roommates (1995),Crime|Fantasy
788,Relative Fear (1994),Musical|War
789,Swimming with Sharks (1995),Crime|Fantasy
790,Tommy Boy (1995),Crime
791,"Baby-Sitters Club, The (1995)",Comedy
792,Bullets Over Broadway (1994),Crime
793,Crooklyn (1994),Crime
794,It Could Happen to You (1994),Fantasy|Sci-Fi
795,Richie Rich (1994),Comedy|Crime
796,Speechless (1994),Crime|Sci-Fi
797,Timecop (1994),Adventure|Thriller
798,Bad Company (1995),Adventure
799,Boys Life (1995),Fantasy
800,In the Mouth of Madness (1995),Musical|War
801,"Air Up There, The (1994)",Crime
802,Hard Target (1993),Adventure|Animation|Documentary|War
803,Heaven & Earth (1993),Adventure|Fantasy|Western
804,Jimmy Hollywood (1994),Crime
805,Manhattan Murder Mystery (1993),Crime|Romance
806,Menace II Society (1993),Adventure|Documentary|Fantasy
807,Poetic Justice (1993),Fantasy
808,"Program, The (1993)",Adventure|Fantasy
809,Rising Sun (1993),Adventure|Fantasy|Romance
810,"Shadow, The (1994)",Adventure
811,Thirty-Two Short Films About Glenn Gould (1993),Drama
812,Andre (1994),Animation|Comedy
813,"Celluloid Closet, The (1995)",Drama
814,"Great Day in Harlem, A (1994)",Drama
815,One Fine Day (1996),Fantasy|Sci-Fi
816,Candyman: Farewell to the Flesh (1995),Musical
817,Frisk (1995),Fantasy
818,Girl 6 (1996),Crime
819,Eddie (1996),Crime
820,Space Jam (1996),Animation|Children's|Comedy|Crime|Film-Noir
821,Mrs. Winterbourne (1996),Crime|Sci-Fi
822,Faces (1968),Fantasy
823,Mulholland Falls (1996),Documentary|Horror|War
824,"Great White Hype, The (1996)",Crime
825,"Arrival, The (1996)",Adventure|Thriller|War
826,"Phantom, The (1996)",Animation
827,Daylight (1996),Adventure|Animation|War
828,Alaska (1996),Animation|Comedy
829,Fled (1996),Adventure|Animation
830,Power 98 (1995),Adventure|Romance|War
831,Escape from L.A. (1996),Adventure|Animation|Thriller|War
832,Bogus (1996),Comedy|Fantasy|Film-Noir
833,Bulletproof (1996),Adventure
834,Halloween: The Curse of Michael Myers (1995),Musical|War
835,"Gay Divorcee, The (1934)",Crime|Mystery|Sci-Fi
836,Ninotchka (1939),Crime|Sci-Fi
837,Meet John Doe (1941),Fantasy
838,In the Line of Duty 2 (1987),Adventure
839,Loch Ness (1995),Musical|War
840,Last Man Standing (1996),Adventure|Fantasy|unknown
841,"Glimmer Man, The (1996)",Adventure|War
842,Pollyanna (1960),Comedy|Crime|Fantasy
843,"Shaggy Dog, The (1959)",Comedy|Crime
844,Freeway (1996),Documentary
845,That Thing You Do! (1996),Crime
846,To Gillian on Her 37th Birthday (1996),Fantasy|Sci-Fi
847,Looking for Richard (1996),Drama|Fantasy
848,"Murder, My Sweet (1944)",Horror|War
849,Days of Thunder (1990),Adventure|Sci-Fi
850,"Perfect Candidate, A (1996)",Drama
851,Two or Three Things I Know About Her (1966),Fantasy
852,"Bloody Child, The (1996)",Fantasy|War
853,Braindead (1992),Crime|Musical
854,Bad Taste (1987),Crime|Musical
855,Diva (1981),Adventure|Fantasy|Romance|Sci-Fi|War
856,Night on Earth (1991),Crime|Fantasy
857,Paris Was a Woman (1995),Drama
858,Amityville: Dollhouse (1996),Musical
859,April Fool's Day (1986),Crime|Musical
860,"Believers, The (1987)",Musical|War
861,Nosferatu a Venezia (1986),Musical
862,Jingle All the Way (1996),Animation|Comedy|Crime
863,"Garden of Finzi-Contini, The (Giardino dei Finzi-Contini, Il) (1970)",Fantasy
864,My Fellow Americans (1996),Crime
865,"Ice Storm, The (1997)",Fantasy
866,Michael (1996),Crime|Sci-Fi
867,"Whole Wide World, The (1996)",Fantasy
868,Hearts and Minds (1996),Fantasy
869,Fools Rush In (1997),Crime|Sci-Fi
870,Touch (1997),Sci-Fi
871,Vegas Vacation (1997),Crime
872,Love Jones (1997),Sci-Fi
873,Picture Perfect (1997),Crime|Sci-Fi
874,Career Girls (1997),Fantasy
875,She's So Lovely (1997),Fantasy|Sci-Fi
876,Money Talks (1997),Adventure|Crime
877,Excess Baggage (1997),Animation|Sci-Fi
878,That Darn Cat! (1997),Comedy|Crime|Romance
879,"Peacemaker, The (1997)",Adventure|War|Western
880,Soul Food (1997),Fantasy
881,Money Talks (1997),Adventure|Crime
882,Washington Square (1997),Fantasy
883,Telling Lies in America (1997),Fantasy
884,Year of the Horse (1997),Drama
885,Phantoms (1998),Musical
886,"Life Less Ordinary, A (1997)",Sci-Fi|War
887,Eve's Bayou (1997),Fantasy
888,One Night Stand (1997),Fantasy
889,"Tango Lesson, The (1997)",Sci-Fi
890,Mortal Kombat: Annihilation (1997),Adventure|Animation
891,Bent (1997),Fantasy|Western
892,Flubber (1997),Comedy|Crime|Film-Noir
893,For Richer or Poorer (1997),Crime
894,Home Alone 3 (1997),Comedy|Crime
895,Scream 2 (1997),Musical|War
896,"Sweet Hereafter, The (1997)",Fantasy
897,Time Tracers (1995),Adventure|Animation|Thriller
898,"Postman, The (1997)",Fantasy
899,"Winter Guest, The (1997)",Fantasy
900,Kundun (1997),Fantasy
901,Mr. Magoo (1997),Crime
902,"Big Lebowski, The (1998)",Crime|Documentary|Romance|War
903,Afterglow (1997),Fantasy|Sci-Fi
904,Ma vie en rose (My Life in Pink) (1997),Crime|Fantasy
905,Great Expectations (1998),Fantasy|Sci-Fi
906,Oscar & Lucinda (1997),Fantasy|Sci-Fi
907,Vermin (1998),Crime
908,Half Baked (1998),Crime
909,Dangerous Beauty (1998),Fantasy
910,Nil By Mouth (1997),Fantasy
911,Twilight (1998),Documentary|Fantasy
912,U.S. Marshalls (1998),Adventure|War
913,Love and Death on Long Island (1997),Crime
914,Wild Things (1998),Documentary|Fantasy|Romance|War
915,Primary Colors (1998),Fantasy
916,Lost in Space (1998),Adventure|Thriller|War
917,Mercury Rising (1998),Adventure|Fantasy|War
918,City of Angels (1998),Sci-Fi
919,"City of Lost Children, The (1995)",Animation|Thriller
920,Two Bits (1995),Fantasy
921,Farewell My Concubine (1993),Fantasy|Sci-Fi
922,Dead Man (1995),unknown
923,Raise the Red Lantern (1991),Fantasy
924,White Squall (1996),Animation|Fantasy
925,Unforgettable (1996),Thriller|War
926,Down Periscope (1996),Crime
927,"Flower of My Secret, The (Flor de mi secreto, La) (1995)",Fantasy
928,"Craft, The (1996)",Fantasy|Musical
929,Harriet the Spy (1996),Comedy|Crime
930,Chain Reaction (1996),Adventure|Animation|War
931,"Island of Dr. Moreau, The (1996)",Thriller|War
932,First Kid (1996),Comedy|Crime
933,"Funeral, The (1996)",Fantasy
934,"Preacher's Wife, The (1996)",Fantasy
935,Paradise Road (1997),Fantasy|Western
936,Brassed Off (1996),Crime|Fantasy|Sci-Fi
937,"Thousand Acres, A (1997)",Fantasy
938,"Smile Like Yours, A (1997)",Crime|Sci-Fi
939,Murder in the First (1995),Fantasy|War
940,Airheads (1994),Crime
941,With Honors (1994),Crime|Fantasy
942,What's Love Got to Do with It (1993),Fantasy
943,Killing Zoe (1994),War
944,Renaissance Man (1994),Crime|Fantasy|Western
945,Charade (1963),Crime|Romance|Sci-Fi|War
946,"Fox and the Hound, The (1981)",Children's|Comedy
947,"Big Blue, The (Grand bleu, Le) (1988)",Animation|Sci-Fi
948,Booty Call (1997),Crime|Sci-Fi
949,How to Make an American Quilt (1995),Fantasy|Sci-Fi
950,Georgia (1995),Fantasy
951,"Indian in the Cupboard, The (1995)",Animation|Comedy|Film-Noir
952,Blue in the Face (1995),Crime
953,Unstrung Heroes (1995),Crime|Fantasy
954,Unzipped (1995),Drama
955,Before Sunrise (1995),Fantasy|Sci-Fi
956,Nobody's Fool (1994),Fantasy
957,Pushing Hands (1992),Crime
958,To Live (Huozhe) (1994),Fantasy
959,Dazed and Confused (1993),Crime
960,Naked (1993),Fantasy
961,Orlando (1993),Fantasy
962,Ruby in Paradise (1993),Fantasy
963,Some Folks Call It a Sling Blade (1993),Fantasy|War
964,"Month by the Lake, A (1995)",Crime|Fantasy
965,Funny Face (1957),Crime|Mystery
966,"Affair to Remember, An (1957)",Sci-Fi
967,Little Lord Fauntleroy (1936),Fantasy
968,"Inspector General, The (1949)",Mystery
969,Winnie the Pooh and the Blustery Day (1968),Children's|Comedy
970,Hear My Song (1991),Crime
971,Mediterraneo (1991),Crime|Western
972,Passion Fish (1992),Fantasy
973,Grateful Dead (1995),Drama
974,Eye for an Eye (1996),Fantasy|War
975,Fear (1996),War
976,Solo (1996),Adventure|Thriller|War
977,"Substitute, The (1996)",Adventure
978,Heaven's Prisoners (1996),Romance|War
979,"Trigger Effect, The (1996)",Fantasy|War
980,Mother Night (1996),Fantasy
981,Dangerous Ground (1997),Fantasy
982,Maximum Risk (1996),Adventure|Animation|War
983,"Rich Man's Wife, The (1996)",War
984,Shadow Conspiracy (1997),War
985,Blood & Wine (1997),Fantasy
986,Turbulence (1997),War
987,Underworld (1997),War
988,"Beautician and the Beast, The (1997)",Crime|Sci-Fi
989,Cats Don't Dance (1997),Children's|Comedy|Mystery
990,Anna Karenina (1997),Fantasy|Sci-Fi
991,Keys to Tulsa (1997),Documentary
992,Head Above Water (1996),Crime|War
993,Hercules (1997),Animation|Children's|Comedy|Crime|Mystery
994,"Last Time I Committed Suicide, The (1997)",Fantasy
995,"Kiss Me, Guido (1997)",Crime
996,"Big Green, The (1995)",Comedy|Crime
997,Stuart Saves His Family (1995),Crime
998,Cabin Boy (1994),Crime
999,Clean Slate (1994),Crime
1000,Lightning Jack (1994),Crime|unknown
1001,"Stupids, The (1996)",Crime
1002,"Pest, The (1997)",Crime
1003,That Darn Cat! (1997),Comedy|Crime|Romance
1004,Geronimo: An American Legend (1993),Fantasy|unknown
1005,"Double vie de Véronique, La (Double Life of Veronique, The) (1991)",Fantasy
1006,Until the End of the World (Bis ans Ende der Welt) (1991),Fantasy|Thriller
1007,Waiting for Guffman (1996),Crime
1008,I Shot Andy Warhol (1996),Fantasy
1009,Stealing Beauty (1996),Fantasy
1010,Basquiat (1996),Fantasy
1011,2 Days in the Valley (1996),Documentary
1012,Private Parts (1997),Crime|Fantasy
1013,Anaconda (1997),Adventure|Animation|War
1014,Romy and Michele's High School Reunion (1997),Crime
1015,Shiloh (1997),Comedy|Fantasy
1016,Con Air (1997),Adventure|Animation|War
1017,Trees Lounge (1996),Fantasy
1018,Tie Me Up! Tie Me Down! (1990),Fantasy
1019,"Die xue shuang xiong (Killer, The) (1989)",Adventure|War
1020,Gaslight (1944),Romance|War
1021,8 1/2 (1963),Fantasy
1022,"Fast, Cheap & Out of Control (1997)",Drama
1023,Fathers' Day (1997),Crime
1024,Mrs. Dalloway (1997),Sci-Fi
1025,Fire Down Below (1997),Adventure|Fantasy|War
1026,"Lay of the Land, The (1997)",Crime|Fantasy
1027,"Shooter, The (1995)",Adventure
1028,Grumpier Old Men (1995),Crime|Sci-Fi
1029,Jury Duty (1995),Crime
1030,"Beverly Hillbillies, The (1993)",Crime
1031,Lassie (1994),Animation|Comedy
1032,Little Big League (1994),Comedy|Crime
1033,Homeward Bound II: Lost in San Francisco (1996),Animation|Comedy
1034,"Quest, The (1996)",Adventure|Animation
1035,Cool Runnings (1993),Crime
1036,Drop Dead Fred (1991),Crime|Film-Noir
1037,Grease 2 (1982),Crime|Mystery|Sci-Fi
1038,Switchback (1997),War
1039,Hamlet (1996),Fantasy
1040,Two if by Sea (1996),Crime|Sci-Fi
1041,Forget Paris (1995),Crime|Sci-Fi
1042,Just Cause (1995),Romance|War
1043,Rent-a-Kid (1995),Crime
1044,"Paper, The (1994)",Crime|Fantasy
1045,Fearless (1993),Fantasy
1046,Malice (1993),War
1047,Multiplicity (1996),Crime
1048,She's the One (1996),Crime|Sci-Fi
1049,House Arrest (1996),Crime
1050,"Ghost and Mrs. Muir, The (1947)",Fantasy|Sci-Fi
1051,"Associate, The (1996)",Crime
1052,Dracula: Dead and Loving It (1995),Crime|Musical
1053,Now and Then (1995),Fantasy
1054,Mr. Wrong (1996),Crime
1055,"Simple Twist of Fate, A (1994)",Fantasy
1056,Cronos (1992),Musical
1057,"Pallbearer, The (1996)",Crime
1058,"War, The (1994)",Animation|Fantasy
1059,Don't Be a Menace to South Central While Drinking Your Juice in the Hood (1996),Crime
1060,"Adventures of Pinocchio, The (1996)",Animation|Comedy
1061,"Evening Star, The (1996)",Crime|Fantasy
1062,Four Days in September (1997),Fantasy
1063,"Little Princess, A (1995)",Comedy|Fantasy
1064,Crossfire (1947),Documentary|Horror
1065,Koyaanisqatsi (1983),Drama|Western
1066,Balto (1995),Children's|Comedy
1067,Bottle Rocket (1996),Crime
1068,"Star Maker, The (Uomo delle stelle, L') (1995)",Fantasy
1069,Amateur (1994),Documentary|Fantasy|War
1070,Living in Oblivion (1995),Crime
1071,Party Girl (1995),Crime
1072,"Pyromaniac's Love Story, A (1995)",Crime|Sci-Fi
1073,Shallow Grave (1994),War
1074,Reality Bites (1994),Crime|Fantasy
1075,"Man of No Importance, A (1994)",Fantasy
1076,"Pagemaster, The (1994)",Adventure|Animation|Children's|Comedy|Film-Noir
1077,Love and a .45 (1994),War
1078,Oliver & Company (1988),Children's|Comedy
1079,Joe's Apartment (1996),Crime|Mystery
1080,Celestial Clockwork (1994),Crime
1081,Curdled (1996),Documentary
1082,Female Perversions (1996),Fantasy
1083,Albino Alligator (1996),Documentary|War
1084,Anne Frank Remembered (1995),Drama
1085,Carried Away (1996),Fantasy|Sci-Fi
1086,It's My Party (1995),Fantasy
1087,Bloodsport 2 (1995),Adventure
1088,Double Team (1997),Adventure
1089,Speed 2: Cruise Control (1997),Adventure|Sci-Fi|War
1090,Sliver (1993),War
1091,Pete's Dragon (1977),Animation|Children's|Comedy|Mystery
1092,Dear God (1996),Crime
1093,Live Nude Girls (1995),Crime
1094,"Thin Line Between Love and Hate, A (1996)",Crime
1095,High School High (1996),Crime
1096,Commandments (1997),Sci-Fi
1097,"Hate (Haine, La) (1995)",Fantasy
1098,Flirting With Disaster (1996),Crime
1099,"Red Firecracker, Green Firecracker (1994)",Fantasy
1100,What Happened Was... (1994),Crime|Fantasy|Sci-Fi
1101,Six Degrees of Separation (1993),Fantasy|Romance
1102,Two Much (1996),Crime|Sci-Fi
1103,Trust (1990),Crime|Fantasy
1104,C'est arrivé près de chez vous (1992),Crime|Documentary|Fantasy
1105,Firestorm (1998),Adventure|Animation|War
1106,"Newton Boys, The (1998)",Documentary|Fantasy
1107,Beyond Rangoon (1995),Fantasy
1108,Feast of July (1995),Fantasy
1109,Death and the Maiden (1994),Fantasy|War
1110,Tank Girl (1995),Adventure|Crime|Mystery|Thriller
1111,Double Happiness (1994),Fantasy
1112,Cobb (1994),Fantasy
1113,Mrs. Parker and the Vicious Circle (1994),Fantasy
1114,Faithful (1996),Crime
1115,Twelfth Night (1996),Crime|Fantasy|Sci-Fi
1116,"Mark of Zorro, The (1940)",Animation
1117,Surviving Picasso (1996),Fantasy
1118,Up in Smoke (1978),Crime
1119,Some Kind of Wonderful (1987),Fantasy|Sci-Fi
1120,I'm Not Rappaport (1996),Crime
1121,"Umbrellas of Cherbourg, The (Parapluies de Cherbourg, Les) (1964)",Fantasy|Mystery
1122,They Made Me a Criminal (1939),Documentary|Fantasy
1123,"Last Time I Saw Paris, The (1954)",Fantasy
1124,"Farewell to Arms, A (1932)",Sci-Fi|Western
1125,"Innocents, The (1961)",War
1126,"Old Man and the Sea, The (1958)",Animation|Fantasy
1127,"Truman Show, The (1998)",Fantasy
1128,Heidi Fleiss: Hollywood Madam (1995),Drama
1129,Chungking Express (1994),Fantasy|Romance|Sci-Fi
1130,Jupiter's Wife (1994),Drama
1131,Safe (1995),War
1132,Feeling Minnesota (1996),Fantasy|Sci-Fi
1133,Escape to Witch Mountain (1975),Animation|Comedy|Film-Noir
1134,Get on the Bus (1996),Fantasy
1135,"Doors, The (1991)",Fantasy|Mystery
1136,Ghosts of Mississippi (1996),Fantasy
1137,Beautiful Thing (1996),Fantasy|Sci-Fi
1138,Best Men (1997),Adventure|Crime|Documentary|Fantasy
1139,Hackers (1995),Adventure|Documentary|War
1140,"Road to Wellville, The (1994)",Crime
1141,"War Room, The (1993)",Drama
1142,When We Were Kings (1996),Drama
1143,Hard Eight (1996),Documentary|War
1144,"Quiet Room, The (1996)",Fantasy
1145,Blue Chips (1994),Fantasy
1146,Calendar Girl (1993),Fantasy
1147,My Family (1995),Fantasy
1148,Tom & Viv (1994),Fantasy
1149,Walkabout (1971),Fantasy
1150,Last Dance (1996),Fantasy
1151,Original Gangstas (1996),Documentary
1152,In Love and War (1996),Sci-Fi|Western
1153,Backbeat (1993),Fantasy|Mystery
1154,Alphaville (1965),Thriller
1155,"Rendezvous in Paris (Rendez-vous de Paris, Les) (1995)",Crime|Sci-Fi
1156,Cyclo (1995),Documentary|Fantasy
1157,"Relic, The (1997)",Musical
1158,"Fille seule, La (A Single Girl) (1995)",Fantasy
1159,Stalker (1979),Romance|Thriller
1160,Love! Valour! Compassion! (1997),Fantasy|Sci-Fi
1161,Palookaville (1996),Adventure|Fantasy
1162,Phat Beach (1996),Crime
1163,"Portrait of a Lady, The (1996)",Fantasy
1164,Zeus and Roxanne (1997),Comedy
1165,Big Bully (1996),Crime|Fantasy
1166,Love & Human Remains (1993),Crime
1167,"Sum of Us, The (1994)",Crime
1168,Little Buddha (1993),Fantasy
1169,Fresh (1994),Fantasy
1170,Spanking the Monkey (1994),Crime|Fantasy
1171,Wild Reeds (1994),Fantasy
1172,"Women, The (1939)",Crime
1173,Bliss (1997),Fantasy|Sci-Fi
1174,Caught (1996),Fantasy|War
1175,Hugo Pool (1997),Sci-Fi
1176,Welcome To Sarajevo (1997),Fantasy|Western
1177,Dunston Checks In (1996),Crime
1178,Major Payne (1994),Crime
1179,Man of the House (1995),Crime
1180,I Love Trouble (1994),Adventure|Crime
1181,"Low Down Dirty Shame, A (1994)",Adventure|Crime
1182,Cops and Robbersons (1994),Crime
1183,"Cowboy Way, The (1994)",Adventure|Crime
1184,"Endless Summer 2, The (1994)",Drama
1185,In the Army Now (1994),Crime|Western
1186,"Inkwell, The (1994)",Crime|Fantasy
1187,Switchblade Sisters (1975),Documentary
1188,Young Guns II (1990),Adventure|Crime|unknown
1189,Prefontaine (1997),Fantasy
1190,That Old Feeling (1997),Crime|Sci-Fi
1191,"Letter From Death Row, A (1998)",Documentary|Fantasy
1192,"Boys of St. Vincent, The (1993)",Fantasy
1193,Before the Rain (Pred dozhdot) (1994),Fantasy
1194,Once Were Warriors (1994),Documentary|Fantasy
1195,Strawberry and Chocolate (Fresa y chocolate) (1993),Fantasy
1196,"Savage Nights (Nuits fauves, Les) (1992)",Fantasy
1197,"Family Thing, A (1996)",Crime|Fantasy
1198,Purple Noon (1960),Documentary|War
1199,Cemetery Man (Dellamorte Dellamore) (1994),Crime|Musical
1200,Kim (1950),Comedy|Fantasy
1201,Marlene Dietrich: Shadow and Light (1996),Drama
1202,"Maybe, Maybe Not (Bewegte Mann, Der) (1994)",Crime
1203,Top Hat (1935),Crime|Mystery|Sci-Fi
1204,To Be or Not to Be (1942),Crime|Fantasy|Western
1205,"Secret Agent, The (1996)",Fantasy
1206,Amos & Andrew (1993),Crime
1207,Jade (1995),War
1208,Kiss of Death (1995),Documentary|Fantasy|War
1209,Mixed Nuts (1994),Crime
1210,Virtuosity (1995),Thriller|War
1211,Blue Sky (1994),Fantasy|Sci-Fi
1212,Flesh and Bone (1993),Fantasy|Romance|Sci-Fi
1213,Guilty as Sin (1993),Documentary|Fantasy|War
1214,In the Realm of the Senses (Ai no corrida) (1976),Fantasy
1215,Barb Wire (1996),Adventure|Thriller
1216,Kissed (1996),Sci-Fi
1217,Assassins (1995),War
1218,Friday (1995),Crime
1219,"Goofy Movie, A (1995)",Children's|Comedy|Crime|Sci-Fi
1220,Higher Learning (1995),Fantasy
1221,When a Man Loves a Woman (1994),Fantasy
1222,Judgment Night (1993),Adventure
1223,King of the Hill (1993),Fantasy
1224,"Scout, The (1994)",Fantasy
1225,Angus (1995),Crime
1226,Night Falls on Manhattan (1997),Documentary|Fantasy
1227,"Awfully Big Adventure, An (1995)",Fantasy
1228,Under Siege 2: Dark Territory (1995),Adventure
1229,Poison Ivy II (1995),Fantasy|War
1230,Ready to Wear (Pret-A-Porter) (1994),Crime
1231,Marked for Death (1990),Adventure|Fantasy
1232,Madonna: Truth or Dare (1991),Drama
1233,Nénette et Boni (1996),Fantasy
1234,Chairman of the Board (1998),Crime
1235,"Big Bang Theory, The (1994)",Documentary
1236,"Other Voices, Other Rooms (1997)",Fantasy
1237,Twisted (1996),Crime|Fantasy
1238,Full Speed (1996),Fantasy
1239,Cutthroat Island (1995),Adventure|Animation|Sci-Fi
1240,Ghost in the Shell (Kokaku kidotai) (1995),Children's|Thriller
1241,"Van, The (1996)",Crime|Fantasy
1242,"Old Lady Who Walked in the Sea, The (Vieille qui marchait dans la mer, La) (1991)",Crime
1243,Night Flier (1997),Musical
1244,Metro (1997),Adventure
1245,Gridlock'd (1997),Documentary
1246,Bushwhacked (1995),Crime
1247,Bad Girls (1994),unknown
1248,Blink (1994),War
1249,For Love or Money (1993),Crime
1250,Best of the Best 3: No Turning Back (1995),Adventure
1251,A Chef in Love (1996),Crime
1252,"Contempt (Mépris, Le) (1963)",Fantasy
1253,"Tie That Binds, The (1995)",War
1254,Gone Fishin' (1997),Crime
1255,Broken English (1996),Fantasy
1256,"Designated Mourner, The (1997)",Fantasy
1257,"Designated Mourner, The (1997)",Fantasy
1258,Trial and Error (1997),Crime|Sci-Fi
1259,Pie in the Sky (1995),Crime|Sci-Fi
1260,Total Eclipse (1995),Fantasy
1261,"Run of the Country, The (1995)",Fantasy
1262,Walking and Talking (1996),Sci-Fi
1263,Foxfire (1996),Fantasy
1264,Nothing to Lose (1994),Fantasy
1265,Star Maps (1997),Fantasy
1266,Bread and Chocolate (Pane e cioccolata) (1973),Fantasy
1267,Clockers (1995),Fantasy
1268,Bitter Moon (1992),Fantasy
1269,Love in the Afternoon (1957),Crime|Sci-Fi
1270,Life with Mikey (1993),Crime
1271,North (1994),Crime
1272,Talking About Sex (1994),Crime|Fantasy
1273,Color of Night (1994),Fantasy|War
1274,Robocop 3 (1993),Thriller|War
1275,Killer (Bulletproof Heart) (1994),War
1276,Sunset Park (1996),Fantasy
1277,Set It Off (1996),Adventure|Documentary
1278,Selena (1997),Fantasy|Mystery
1279,Wild America (1997),Animation|Comedy
1280,Gang Related (1997),Documentary
1281,Manny & Lo (1996),Fantasy
1282,"Grass Harp, The (1995)",Fantasy
1283,Out to Sea (1997),Crime
1284,Before and After (1996),Fantasy|Romance
1285,Princess Caraboo (1994),Fantasy
1286,Shall We Dance? (1937),Crime|Mystery|Sci-Fi
1287,Ed (1996),Crime
1288,Denise Calls Up (1995),Crime
1289,Jack and Sarah (1995),Sci-Fi
1290,Country Life (1994),Fantasy|Sci-Fi
1291,Celtic Pride (1996),Crime
1292,"Simple Wish, A (1997)",Comedy|Film-Noir
1293,Star Kid (1997),Animation|Comedy|Film-Noir|Thriller
1294,Ayn Rand: A Sense of Life (1997),Drama
1295,Kicked in the Head (1997),Crime|Fantasy
1296,Indian Summer (1996),Crime|Fantasy
1297,Love Affair (1994),Fantasy|Sci-Fi
1298,"Band Wagon, The (1953)",Crime|Mystery
1299,Penny Serenade (1941),Fantasy|Sci-Fi
1300,'Til There Was You (1997),Fantasy|Sci-Fi
1301,Stripes (1981),Crime
1302,Late Bloomers (1996),Crime
1303,"Getaway, The (1994)",Adventure
1304,New York Cop (1996),Adventure|Documentary
1305,National Lampoon's Senior Trip (1995),Crime
1306,Delta of Venus (1994),Fantasy
1307,Carmen Miranda: Bananas Is My Business (1994),Drama
1308,Babyfever (1994),Crime|Fantasy
1309,"Very Natural Thing, A (1974)",Fantasy
1310,"Walk in the Sun, A (1945)",Fantasy
1311,Waiting to Exhale (1995),Crime|Fantasy
1312,"Pompatus of Love, The (1996)",Crime|Fantasy
1313,Palmetto (1998),Horror|Romance|War
1314,Surviving the Game (1994),Adventure|Animation|War
1315,Inventing the Abbotts (1997),Fantasy|Sci-Fi
1316,"Horse Whisperer, The (1998)",Fantasy
1317,"Journey of August King, The (1995)",Fantasy
1318,Catwalk (1995),Drama
1319,"Neon Bible, The (1995)",Fantasy
1320,Homage (1995),Fantasy
1321,Open Season (1996),Crime
1322,Metisse (Café au Lait) (1993),Crime
1323,"Wooden Man's Bride, The (Wu Kui) (1994)",Fantasy
1324,Loaded (1994),Fantasy|War
1325,August (1996),Fantasy
1326,Boys (1996),Fantasy
1327,Captives (1994),Fantasy
1328,Of Love and Shadows (1994),Fantasy
1329,"Low Life, The (1994)",Fantasy
1330,An Unforgettable Summer (1994),Fantasy
1331,"Last Klezmer: Leopold Kozlowski, His Life and Music, The (1995)",Drama
1332,My Life and Times With Antonin Artaud (En compagnie d'Antonin Artaud) (1993),Fantasy
1333,Midnight Dancers (Sibak) (1994),Crime|Fantasy
1334,Somebody to Love (1994),Fantasy
1335,American Buffalo (1996),Fantasy
1336,Kazaam (1996),Comedy|Crime|Film-Noir
1337,Larger Than Life (1996),Crime
1338,Two Deaths (1995),Fantasy
1339,Stefano Quantestorie (1993),Crime|Fantasy
1340,"Crude Oasis, The (1995)",Sci-Fi
1341,Hedd Wyn (1992),Fantasy
1342,"Convent, The (Convento, O) (1995)",Fantasy
1343,Lotto Land (1995),Fantasy
1344,"Story of Xinghua, The (1993)",Fantasy
1345,"Day the Sun Turned Cold, The (Tianguo niezi) (1994)",Fantasy
1346,Dingo (1992),Fantasy
1347,"Ballad of Narayama, The (Narayama Bushiko) (1958)",Fantasy
1348,Every Other Weekend (1990),Fantasy
1349,Mille bolle blu (1993),Crime
1350,Crows and Sparrows (1949),Fantasy
1351,Lover's Knot (1996),Crime
1352,Shadow of Angels (Schatten der Engel) (1976),Fantasy
1353,1-900 (1994),Sci-Fi
1354,Venice/Venice (1992),Fantasy
1355,Infinity (1996),Fantasy
1356,Ed's Next Move (1996),Crime
1357,For the Moment (1994),Sci-Fi|Western
1358,The Deadly Cure (1996),Adventure
1359,Boys in Venice (1996),Fantasy
1360,"Sexual Life of the Belgians, The (1994)",Crime
1361,"Search for One-eye Jimmy, The (1996)",Crime
1362,American Strays (1996),Adventure
1363,"Leopard Son, The (1996)",Drama
1364,Bird of Prey (1996),Adventure
1365,Johnny 100 Pesos (1993),Adventure|Fantasy
1366,JLG/JLG - autoportrait de décembre (1994),Drama|Fantasy
1367,Faust (1994),Children's
1368,Mina Tannenbaum (1994),Fantasy
1369,"Forbidden Christ, The (Cristo proibito, Il) (1950)",Fantasy
1370,I Can't Sleep (J'ai pas sommeil) (1994),Fantasy|War
1371,"Machine, The (1994)",Crime|Musical
1372,"Stranger, The (1994)",Adventure
1373,Good Morning (1971),Action
1374,Falling in Love Again (1980),Crime
1375,"Cement Garden, The (1993)",Fantasy
1376,Meet Wally Sparks (1997),Crime
1377,Hotel de Love (1996),Crime|Sci-Fi
1378,Rhyme & Reason (1997),Drama
1379,Love and Other Catastrophes (1996),Sci-Fi
1380,Hollow Reed (1996),Fantasy
1381,Losing Chase (1996),Fantasy
1382,"Bonheur, Le (1965)",Fantasy
1383,"Second Jungle Book: Mowgli & Baloo, The (1997)",Animation|Comedy
1384,Squeeze (1996),Fantasy
1385,Roseanna's Grave (For Roseanna) (1997),Crime|Sci-Fi
1386,Tetsuo II: Body Hammer (1992),Thriller
1387,Fall (1997),Sci-Fi
1388,Gabbeh (1996),Fantasy
1389,Mondo (1996),Fantasy
1390,"Innocent Sleep, The (1995)",Documentary
1391,For Ever Mozart (1996),Fantasy
1392,"Locusts, The (1997)",Fantasy
1393,Stag (1997),Adventure|War
1394,Swept from the Sea (1997),Sci-Fi
1395,Hurricane Streets (1998),Fantasy
1396,Stonewall (1995),Fantasy
1397,Of Human Bondage (1934),Fantasy
1398,Anna (1996),Fantasy
1399,Stranger in the House (1997),War
1400,Picture Bride (1995),Fantasy|Sci-Fi
1401,M. Butterfly (1993),Fantasy
1402,"Ciao, Professore! (1993)",Fantasy
1403,Caro Diario (Dear Diary) (1994),Crime|Fantasy
1404,Withnail and I (1987),Crime
1405,Boy's Life 2 (1997),Fantasy
1406,When Night Is Falling (1995),Fantasy|Sci-Fi
1407,"Specialist, The (1994)",Adventure
1408,Gordy (1995),Crime
1409,"Swan Princess, The (1994)",Children's|Comedy
1410,Harlem (1993),Fantasy
1411,Barbarella (1968),Animation|Thriller
1412,Land Before Time III: The Time of the Great Giving (1995) (V),Children's|Comedy
1413,Street Fighter (1994),Adventure
1414,Coldblooded (1995),Adventure
1415,"Next Karate Kid, The (1994)",Adventure|Comedy
1416,No Escape (1994),Adventure|Thriller
1417,"Turning, The (1992)",Fantasy
1418,"Joy Luck Club, The (1993)",Fantasy
1419,Highlander III: The Sorcerer (1994),Adventure|Thriller
1420,Gilligan's Island: The Movie (1998),Crime
1421,My Crazy Life (Mi vida loca) (1993),Fantasy
1422,Suture (1993),Horror|War
1423,"Walking Dead, The (1995)",Fantasy|Western
1424,I Like It Like That (1994),Crime|Fantasy|Sci-Fi
1425,I'll Do Anything (1994),Crime|Fantasy
1426,Grace of My Heart (1996),Crime|Fantasy
1427,Drunks (1995),Fantasy
1428,SubUrbia (1997),Crime
1429,Sliding Doors (1998),Fantasy|Sci-Fi
1430,Ill Gotten Gains (1997),Fantasy
1431,Legal Deceit (1997),War
1432,"Mighty, The (1998)",Fantasy
1433,Men of Means (1998),Adventure|Fantasy
1434,Shooting Fish (1997),Sci-Fi
1435,"Steal Big, Steal Little (1995)",Crime
1436,Mr. Jones (1993),Fantasy|Sci-Fi
1437,House Party 3 (1994),Crime
1438,Panther (1995),Fantasy
1439,Jason's Lyric (1994),Documentary|Fantasy
1440,Above the Rim (1994),Fantasy
1441,Moonlight and Valentino (1995),Fantasy|Sci-Fi
1442,"Scarlet Letter, The (1995)",Fantasy
1443,8 Seconds (1994),Fantasy
1444,That Darn Cat! (1965),Comedy|Crime|Romance
1445,Ladybird Ladybird (1994),Fantasy
1446,"Bye Bye, Love (1995)",Crime
1447,Century (1993),Fantasy
1448,My Favorite Season (1993),Fantasy
1449,Pather Panchali (1955),Fantasy
1450,Golden Earrings (1947),Animation|Sci-Fi
1451,Foreign Correspondent (1940),War
1452,Lady of Burlesque (1943),Crime|Romance
1453,Angel on My Shoulder (1946),Documentary|Fantasy
1454,Angel and the Badman (1947),unknown
1455,"Outlaw, The (1943)",unknown
1456,Beat the Devil (1954),Crime|Fantasy
1457,Love Is All There Is (1996),Crime|Fantasy
1458,"Damsel in Distress, A (1937)",Crime|Mystery|Sci-Fi
1459,Madame Butterfly (1995),Mystery
1460,Sleepover (1995),Crime|Fantasy
1461,Here Comes Cookie (1935),Crime
1462,"Thieves (Voleurs, Les) (1996)",Documentary|Fantasy|Sci-Fi
1463,"Boys, Les (1997)",Crime
1464,"Stars Fell on Henrietta, The (1995)",Fantasy
1465,Last Summer in the Hamptons (1995),Crime|Fantasy
1466,Margaret's Museum (1995),Fantasy
1467,"Saint of Fort Washington, The (1993)",Fantasy
1468,"Cure, The (1995)",Fantasy
1469,Tom and Huck (1995),Animation|Comedy
1470,Gumby: The Movie (1995),Children's|Comedy
1471,Hideaway (1995),War
1472,"Visitors, The (Visiteurs, Les) (1993)",Crime|Thriller
1473,"Little Princess, The (1939)",Comedy|Fantasy
1474,Nina Takes a Lover (1994),Crime|Sci-Fi
1475,Bhaji on the Beach (1993),Crime|Fantasy
1476,Raw Deal (1948),Horror
1477,Nightwatch (1997),Musical|War
1478,Dead Presidents (1995),Adventure|Documentary|Fantasy
1479,Reckless (1995),Crime
1480,Herbie Rides Again (1974),Animation|Comedy|Crime
1481,S.F.W. (1994),Fantasy
1482,"Gate of Heavenly Peace, The (1995)",Drama
1483,"Man in the Iron Mask, The (1998)",Adventure|Fantasy|Sci-Fi
1484,"Jerky Boys, The (1994)",Adventure|Crime
1485,"Colonel Chabert, Le (1994)",Fantasy|Sci-Fi|Western
1486,Girl in the Cadillac (1995),Fantasy
1487,Even Cowgirls Get the Blues (1993),Crime|Sci-Fi
1488,Germinal (1993),Fantasy
1489,Chasers (1994),Crime
1490,Fausto (1993),Crime
1491,Tough and Deadly (1995),Adventure|Fantasy|War
1492,Window to Paris (1994),Crime
1493,"Modern Affair, A (1995)",Sci-Fi
1494,"Mostro, Il (1994)",Crime
1495,Flirt (1995),Fantasy
1496,Carpool (1996),Crime|Documentary
1497,"Line King: Al Hirschfeld, The (1996)",Drama
1498,Farmer & Chase (1995),Crime
1499,Grosse Fatigue (1994),Crime
1500,Santa with Muscles (1996),Crime
1501,Prisoner of the Mountains (Kavkazsky Plennik) (1996),Western
1502,Naked in New York (1994),Crime|Sci-Fi
1503,Gold Diggers: The Secret of Bear Mountain (1995),Animation|Comedy
1504,"Bewegte Mann, Der (1994)",Crime
1505,Killer: A Journal of Murder (1995),Documentary|Fantasy
1506,Nelly & Monsieur Arnaud (1995),Fantasy
1507,Three Lives and Only One Death (1996),Crime
1508,"Babysitter, The (1995)",Fantasy|War
1509,Getting Even with Dad (1994),Crime
1510,Mad Dog Time (1996),Documentary
1511,Children of the Revolution (1996),Crime
1512,"World of Apu, The (Apur Sansar) (1959)",Fantasy
1513,Sprung (1997),Crime
1514,Dream With the Fishes (1997),Fantasy
1515,Wings of Courage (1995),Animation|Sci-Fi
1516,"Wedding Gift, The (1994)",Fantasy
1517,Race the Sun (1996),Fantasy
1518,Losing Isaiah (1995),Fantasy
1519,New Jersey Drive (1995),Documentary|Fantasy
1520,"Fear, The (1995)",Musical
1521,Mr. Wonderful (1993),Crime|Sci-Fi
1522,Trial by Jury (1994),War
1523,"Good Man in Africa, A (1994)",Adventure|Animation
1524,Kaspar Hauser (1993),Fantasy
1525,"Object of My Affection, The (1998)",Crime|Sci-Fi
1526,Witness (1985),Fantasy|Sci-Fi|War
1527,Senseless (1998),Crime
1528,Nowhere (1997),Fantasy
1529,Underground (1995),Western
1530,Jefferson in Paris (1995),Fantasy
1531,Far From Home: The Adventures of Yellow Dog (1995),Animation|Comedy
1532,Foreign Student (1994),Fantasy
1533,I Don't Want to Talk About It (De eso no se habla) (1993),Fantasy
1534,Twin Town (1997),Crime|Documentary
1535,"Enfer, L' (1994)",Fantasy
1536,Aiqing wansui (1994),Fantasy
1537,Cosi (1996),Crime
1538,All Over Me (1997),Fantasy
1539,Being Human (1993),Fantasy
1540,"Amazing Panda Adventure, The (1995)",Animation|Comedy
1541,"Beans of Egypt, Maine, The (1994)",Fantasy
1542,"Scarlet Letter, The (1926)",Fantasy
1543,Johns (1996),Fantasy
1544,It Takes Two (1995),Crime
1545,Frankie Starlight (1995),Fantasy|Sci-Fi
1546,Shadows (Cienie) (1988),Fantasy
1547,"Show, The (1995)",Drama
1548,The Courtyard (1995),Adventure|War
1549,Dream Man (1995),War
1550,Destiny Turns on the Radio (1995),Crime
1551,"Glass Shield, The (1994)",Fantasy
1552,"Hunted, The (1995)",Adventure
1553,"Underneath, The (1995)",Romance|War
1554,Safe Passage (1994),Fantasy
1555,"Secret Adventures of Tom Thumb, The (1993)",Animation|Comedy
1556,Condition Red (1995),Adventure|Fantasy|War
1557,Yankee Zulu (1994),Crime|Fantasy
1558,Aparajito (1956),Fantasy
1559,Hostile Intentions (1994),Adventure|Fantasy|War
1560,Clean Slate (Coup de Torchon) (1981),Documentary
1561,Tigrero: A Film That Was Never Made (1994),Drama|Fantasy
1562,"Eye of Vichy, The (Oeil de Vichy, L') (1993)",Drama
1563,"Promise, The (Versprechen, Das) (1994)",Sci-Fi
1564,To Cross the Rubicon (1991),Fantasy
1565,Daens (1992),Fantasy
1566,"Man from Down Under, The (1943)",Fantasy
1567,Careful (1992),Crime
1568,Vermont Is For Lovers (1992),Crime|Sci-Fi
1569,"Vie est belle, La (Life is Rosey) (1987)",Crime|Fantasy
1570,Quartier Mozart (1992),Crime
1571,Touki Bouki (Journey of the Hyena) (1973),Fantasy
1572,Wend Kuuni (God's Gift) (1982),Fantasy
1573,Spirits of the Dead (Tre passi nel delirio) (1968),Musical
1574,Pharaoh's Army (1995),Western
1575,"I, Worst of All (Yo, la peor de todas) (1990)",Fantasy
1576,"Hungarian Fairy Tale, A (1987)",Film-Noir
1577,"Death in the Garden (Mort en ce jardin, La) (1956)",Fantasy
1578,"Collectionneuse, La (1967)",Fantasy
1579,Baton Rouge (1988),War
1580,Liebelei (1933),Sci-Fi
1581,"Woman in Question, The (1950)",Romance
1582,T-Men (1947),Horror
1583,"Invitation, The (Zaproszenie) (1986)",Fantasy
1584,"Symphonie pastorale, La (1946)",Fantasy
1585,American Dream (1990),Drama
1586,Lashou shentan (1992),Adventure|Documentary|Fantasy
1587,Terror in a Texas Town (1958),unknown
1588,Salut cousin! (1996),Crime|Fantasy
1589,Schizopolis (1996),Crime
1590,"To Have, or Not (1995)",Fantasy
1591,Duoluo tianshi (1995),Fantasy
1592,"Magic Hour, The (1998)",Fantasy
1593,Death in Brunswick (1991),Crime
1594,Everest (1998),Drama
1595,Shopping (1994),Adventure|War
1596,Nemesis 2: Nebula (1995),Adventure|Thriller|War
1597,Romper Stomper (1992),Adventure|Fantasy
1598,City of Industry (1997),Documentary|War
1599,Someone Else's America (1995),Fantasy
1600,Guantanamera (1994),Crime
1601,Office Killer (1997),War
1602,"Price Above Rubies, A (1998)",Fantasy
1603,Angela (1995),Fantasy
1604,He Walked by Night (1948),Documentary|Horror|War
1605,Love Serenade (1996),Crime
1606,Deceiver (1997),Documentary
1607,Hurricane Streets (1998),Fantasy
1608,Buddy (1997),Animation|Comedy|Fantasy
1609,B*A*P*S (1997),Crime
1610,"Truth or Consequences, N.M. (1997)",Adventure|Documentary|Sci-Fi
1611,Intimate Relations (1996),Crime
1612,"Leading Man, The (1996)",Sci-Fi
1613,Tokyo Fist (1995),Adventure|Fantasy
1614,"Reluctant Debutante, The (1958)",Crime|Fantasy
1615,Warriors of Virtue (1997),Adventure|Animation|Comedy|Film-Noir
1616,Desert Winds (1995),Fantasy
1617,Hugo Pool (1997),Sci-Fi
1618,King of New York (1990),Adventure|Documentary
1619,All Things Fair (1996),Fantasy
1620,"Sixth Man, The (1997)",Crime
1621,Butterfly Kiss (1995),War
1622,"Paris, France (1993)",Crime
1623,"Cérémonie, La (1995)",Fantasy
1624,Hush (1998),War
1625,Nightwatch (1997),Musical|War
1626,Nobody Loves Me (Keiner liebt mich) (1994),Crime|Fantasy
1627,"Wife, The (1995)",Crime|Fantasy
1628,Lamerica (1994),Fantasy
1629,Nico Icon (1995),Drama
1630,"Silence of the Palace, The (Saimt el Qusur) (1994)",Fantasy
1631,"Slingshot, The (1993)",Crime|Fantasy
1632,Land and Freedom (Tierra y libertad) (1995),Western
1633,Á köldum klaka (Cold Fever) (1994),Crime|Fantasy
1634,Etz Hadomim Tafus (Under the Domin Tree) (1994),Fantasy
1635,Two Friends (1986),Fantasy
1636,Brothers in Trouble (1995),Fantasy
1637,Girls Town (1996),Fantasy
1638,Normal Life (1996),Documentary|Fantasy
1639,Bitter Sugar (Azucar Amargo) (1996),Fantasy
1640,"Eighth Day, The (1996)",Fantasy
1641,Dadetown (1995),Drama
1642,Some Mother's Son (1996),Fantasy
1643,Angel Baby (1995),Fantasy
1644,Sudden Manhattan (1996),Crime
1645,"Butcher Boy, The (1998)",Fantasy
1646,Men With Guns (1997),Adventure|Fantasy
1647,Hana-bi (1997),Crime|Documentary|Fantasy
1648,"Niagara, Niagara (1997)",Fantasy
1649,"Big One, The (1997)",Crime|Drama
1650,"Butcher Boy, The (1998)",Fantasy
1651,"Spanish Prisoner, The (1997)",Fantasy|War
1652,Temptress Moon (Feng Yue) (1996),Sci-Fi
1653,Entertaining Angels: The Dorothy Day Story (1996),Fantasy
1654,Chairman of the Board (1998),Crime
1655,"Favor, The (1994)",Crime|Sci-Fi
1656,Little City (1998),Crime|Sci-Fi
1657,Target (1995),Adventure|Fantasy
1658,"Substance of Fire, The (1996)",Fantasy
1659,Getting Away With Murder (1996),Crime
1660,Small Faces (1995),Fantasy
1661,"New Age, The (1994)",Fantasy
1662,Rough Magic (1995),Fantasy|Sci-Fi
1663,Nothing Personal (1995),Fantasy|Western
1664,8 Heads in a Duffel Bag (1997),Crime
1665,"Brother's Kiss, A (1997)",Fantasy
1666,Ripe (1996),Fantasy
1667,"Next Step, The (1995)",Fantasy
1668,Wedding Bell Blues (1996),Crime
1669,MURDER and murder (1996),Documentary|Fantasy|Romance
1670,Tainted (1998),Crime|War
1671,"Further Gesture, A (1996)",Fantasy
1672,Kika (1993),Fantasy
1673,Mirage (1995),Adventure|War
1674,Mamma Roma (1962),Fantasy
1675,"Sunchaser, The (1996)",Fantasy
1676,"War at Home, The (1996)",Fantasy
1677,Sweet Nothing (1995),Fantasy
1678,Mat' i syn (1997),Fantasy
1679,B. Monkey (1998),Sci-Fi|War
1680,Sliding Doors (1998),Fantasy|Sci-Fi
1681,You So Crazy (1994),Crime
1682,Scream of Stone (Schrei aus Stein) (1991),Fantasy
